{"Version":1,"ManifestType":"Publish","Endpoints":[{"Route":"uploads/logo_639017272746791483.485rjpsyal.webp","AssetFile":"uploads/logo_639017272746791483.webp","Selectors":[],"ResponseHeaders":[{"Name":"Cache-Control","Value":"max-age=31536000, immutable"},{"Name":"Content-Length","Value":"160712"},{"Name":"Content-Type","Value":"image/webp"},{"Name":"ETag","Value":"\"NIr83Qn1fKlLY3jAQlZ7JbOF/wnK5guEd72UDA3gfpQ=\""},{"Name":"Last-Modified","Value":"Fri, 19 Dec 2025 12:47:54 GMT"}],"EndpointProperties":[{"Name":"fingerprint","Value":"485rjpsyal"},{"Name":"integrity","Value":"sha256-NIr83Qn1fKlLY3jAQlZ7JbOF/wnK5guEd72UDA3gfpQ="},{"Name":"label","Value":"uploads/logo_639017272746791483.webp"}]},{"Route":"uploads/logo_639017272746791483.webp","AssetFile":"uploads/logo_639017272746791483.webp","Selectors":[],"ResponseHeaders":[{"Name":"Cache-Control","Value":"max-age=3600, must-revalidate"},{"Name":"Content-Length","Value":"160712"},{"Name":"Content-Type","Value":"image/webp"},{"Name":"ETag","Value":"\"NIr83Qn1fKlLY3jAQlZ7JbOF/wnK5guEd72UDA3gfpQ=\""},{"Name":"Last-Modified","Value":"Fri, 19 Dec 2025 12:47:54 GMT"}],"EndpointProperties":[{"Name":"integrity","Value":"sha256-NIr83Qn1fKlLY3jAQlZ7JbOF/wnK5guEd72UDA3gfpQ="}]},{"Route":"uploads/products/c09f25e6-f094-4057-9c92-adf1026d4bcb.485rjpsyal.webp","AssetFile":"uploads/products/c09f25e6-f094-4057-9c92-adf1026d4bcb.webp","Selectors":[],"ResponseHeaders":[{"Name":"Cache-Control","Value":"max-age=31536000, immutable"},{"Name":"Content-Length","Value":"160712"},{"Name":"Content-Type","Value":"image/webp"},{"Name":"ETag","Value":"\"NIr83Qn1fKlLY3jAQlZ7JbOF/wnK5guEd72UDA3gfpQ=\""},{"Name":"Last-Modified","Value":"Sat, 20 Dec 2025 12:15:11 GMT"}],"EndpointProperties":[{"Name":"fingerprint","Value":"485rjpsyal"},{"Name":"integrity","Value":"sha256-NIr83Qn1fKlLY3jAQlZ7JbOF/wnK5guEd72UDA3gfpQ="},{"Name":"label","Value":"uploads/products/c09f25e6-f094-4057-9c92-adf1026d4bcb.webp"}]},{"Route":"uploads/products/c09f25e6-f094-4057-9c92-adf1026d4bcb.webp","AssetFile":"uploads/products/c09f25e6-f094-4057-9c92-adf1026d4bcb.webp","Selectors":[],"ResponseHeaders":[{"Name":"Cache-Control","Value":"max-age=3600, must-revalidate"},{"Name":"Content-Length","Value":"160712"},{"Name":"Content-Type","Value":"image/webp"},{"Name":"ETag","Value":"\"NIr83Qn1fKlLY3jAQlZ7JbOF/wnK5guEd72UDA3gfpQ=\""},{"Name":"Last-Modified","Value":"Sat, 20 Dec 2025 12:15:11 GMT"}],"EndpointProperties":[{"Name":"integrity","Value":"sha256-NIr83Qn1fKlLY3jAQlZ7JbOF/wnK5guEd72UDA3gfpQ="}]}]}